Workbook

Sheet Pengaturan
A1: PENGATURAN FORMAT PENOMORAN SURAT PENAWARAN
A3: Kode Perusahaan | B3: METITO | D3: Bulan | E3: Romawi
A4: Kode Dokumen | B4: SPH | D4: 1 | E4: I
A5: Nomor Awal (No. Urut) | B5: 1 | D5: 2 | E5: II
D6: 3 | E6: III
A7: Contoh format nomor: | B7: =TEXT($B$5,"000")&"/"&$B$3&"-"&$B$4&"/"&"[Bulan Romawi]"&"/"&"[Tahun]" -> 001/METITO-SPH/[Bulan Romawi]/[Tahun] | D7: 4 | E7: IV
D8: 5 | E8: V
A9: Keterangan: | D9: 6 | E9: VI
A10: - Isi sel kuning (B3, B4, B5) sesuai kebutuhan. Nomor Awal = nomor urut pertama yang dipakai di sheet Log. | D10: 7 | E10: VII
A11: - Nomor surat pada sheet 'Log Penomoran' terbentuk otomatis: No Urut / Kode Dokumen-Kode Perusahaan / Bulan Romawi / Tahun. | D11: 8 | E11: VIII
A12: - Bulan Romawi & Tahun diambil otomatis dari kolom Tanggal pada sheet Log Penomoran. | D12: 9 | E12: IX
A13: - Jangan menghapus tabel bantu 'Bulan Romawi' di kolom D:E, dipakai oleh rumus. | D13: 10 | E13: X
D14: 11 | E14: XI
D15: 12 | E15: XII

Sheet Log Penomoran
A1: LOG PENOMORAN SURAT PENAWARAN — METITO
A2: No | B2: Tanggal | C2: Nomor Surat Penawaran | D2: Kepada / Customer | E2: Perihal / Judul Penawaran | F2: Nilai Penawaran (Rp) | G2: PIC | H2: Status | I2: Keterangan
A3: =IF(B3="","",Pengaturan!$B$5+ROW()-3) -> 1 | B3: 2026-01-15 | C3: =IF(B3="","",TEXT(A3,"000")&"/"&Pengaturan!$B$4&"-"&Pengaturan!$B$3&"/"&INDEX(Pengaturan!$E$4:$E$15,MATCH(MONTH(B3),Pengaturan!$D$4:$D$15,0))&"/"&TEXT(B3,"yyyy")) -> 001/SPH-METITO/I/2026 | D3: PT PLN Nusantara Power | E3: Penawaran Jasa Pemeliharaan Sistem RO | F3: 250000000 | G3: Andi Zulhah | H3: Terkirim | I3: Contoh — silakan hapus/ganti
A4: =IF(B4="","",Pengaturan!$B$5+ROW()-3) | C4: =IF(B4="","",TEXT(A4,"000")&"/"&Pengaturan!$B$4&"-"&Pengaturan!$B$3&"/"&INDEX(Pengaturan!$E$4:$E$15,MATCH(MONTH(B4),Pengaturan!$D$4:$D$15,0))&"/"&TEXT(B4,"yyyy"))
A5: =IF(B5="","",Pengaturan!$B$5+ROW()-3) | C5: =IF(B5="","",TEXT(A5,"000")&"/"&Pengaturan!$B$4&"-"&Pengaturan!$B$3&"/"&INDEX(Pengaturan!$E$4:$E$15,MATCH(MONTH(B5),Pengaturan!$D$4:$D$15,0))&"/"&TEXT(B5,"yyyy"))
A6: =IF(B6="","",Pengaturan!$B$5+ROW()-3) | C6: =IF(B6="","",TEXT(A6,"000")&"/"&Pengaturan!$B$4&"-"&Pengaturan!$B$3&"/"&INDEX(Pengaturan!$E$4:$E$15,MATCH(MONTH(B6),Pengaturan!$D$4:$D$15,0))&"/"&TEXT(B6,"yyyy"))
A7: =IF(B7="","",Pengaturan!$B$5+ROW()-3) | C7: =IF(B7="","",TEXT(A7,"000")&"/"&Pengaturan!$B$4&"-"&Pengaturan!$B$3&"/"&INDEX(Pengaturan!$E$4:$E$15,MATCH(MONTH(B7),Pengaturan!$D$4:$D$15,0))&"/"&TEXT(B7,"yyyy"))
A8: =IF(B8="","",Pengaturan!$B$5+ROW()-3) | C8: =IF(B8="","",TEXT(A8,"000")&"/"&Pengaturan!$B$4&"-"&Pengaturan!$B$3&"/"&INDEX(Pengaturan!$E$4:$E$15,MATCH(MONTH(B8),Pengaturan!$D$4:$D$15,0))&"/"&TEXT(B8,"yyyy"))
A9: =IF(B9="","",Pengaturan!$B$5+ROW()-3) | C9: =IF(B9="","",TEXT(A9,"000")&"/"&Pengaturan!$B$4&"-"&Pengaturan!$B$3&"/"&INDEX(Pengaturan!$E$4:$E$15,MATCH(MONTH(B9),Pengaturan!$D$4:$D$15,0))&"/"&TEXT(B9,"yyyy"))
A10: =IF(B10="","",Pengaturan!$B$5+ROW()-3) | C10: =IF(B10="","",TEXT(A10,"000")&"/"&Pengaturan!$B$4&"-"&Pengaturan!$B$3&"/"&INDEX(Pengaturan!$E$4:$E$15,MATCH(MONTH(B10),Pengaturan!$D$4:$D$15,0))&"/"&TEXT(B10,"yyyy"))
A11: =IF(B11="","",Pengaturan!$B$5+ROW()-3) | C11: =IF(B11="","",TEXT(A11,"000")&"/"&Pengaturan!$B$4&"-"&Pengaturan!$B$3&"/"&INDEX(Pengaturan!$E$4:$E$15,MATCH(MONTH(B11),Pengaturan!$D$4:$D$15,0))&"/"&TEXT(B11,"yyyy"))
A12: =IF(B12="","",Pengaturan!$B$5+ROW()-3) | C12: =IF(B12="","",TEXT(A12,"000")&"/"&Pengaturan!$B$4&"-"&Pengaturan!$B$3&"/"&INDEX(Pengaturan!$E$4:$E$15,MATCH(MONTH(B12),Pengaturan!$D$4:$D$15,0))&"/"&TEXT(B12,"yyyy"))
A13: =IF(B13="","",Pengaturan!$B$5+ROW()-3) | C13: =IF(B13="","",TEXT(A13,"000")&"/"&Pengaturan!$B$4&"-"&Pengaturan!$B$3&"/"&INDEX(Pengaturan!$E$4:$E$15,MATCH(MONTH(B13),Pengaturan!$D$4:$D$15,0))&"/"&TEXT(B13,"yyyy"))
A14: =IF(B14="","",Pengaturan!$B$5+ROW()-3) | C14: =IF(B14="","",TEXT(A14,"000")&"/"&Pengaturan!$B$4&"-"&Pengaturan!$B$3&"/"&INDEX(Pengaturan!$E$4:$E$15,MATCH(MONTH(B14),Pengaturan!$D$4:$D$15,0))&"/"&TEXT(B14,"yyyy"))
A15: =IF(B15="","",Pengaturan!$B$5+ROW()-3) | C15: =IF(B15="","",TEXT(A15,"000")&"/"&Pengaturan!$B$4&"-"&Pengaturan!$B$3&"/"&INDEX(Pengaturan!$E$4:$E$15,MATCH(MONTH(B15),Pengaturan!$D$4:$D$15,0))&"/"&TEXT(B15,"yyyy"))
... A62: =IF(B62="","",Pengaturan!$B$5+ROW()-3) | C62: =IF(B62="","",TEXT(A62,"000")&"/"&Pengaturan!$B$4&"-"&Pengaturan!$B$3&"/"&INDEX(Pengaturan!$E$4:$E$15,MATCH(MONTH(B62),Pengaturan!$D$4:$D$15,0))&"/"&TEXT(B62,"yyyy"))
A64: Cara pakai: isi kolom Tanggal (B), Kepada (D), Perihal (E), Nilai (F), PIC (G), pilih Status (H). Kolom No (A) dan Nomor Surat (C) terisi otomatis.
